{"queries": [{"text": "KENNEDY ADMINISTRATION PRESSURE ON NGO DINH DIEM TO STOP  SUPPRESSING THE BUDDHISTS .", "id": 1}, {"text": "EFFORTS OF AMBASSADOR HENRY CABOT LODGE TO GET VIET NAM'S  PRESIDENT DIEM TO CHANGE HIS POLICIES OF POLITICAL REPRESSION .", "id": 2}, {"text": "NUMBER OF TROOPS THE UNITED STATES HAS STATIONED IN SOUTH  VIET NAM AS COMPARED WITH THE NUMBER OF TROOPS IT HAS STATIONED  IN WEST GERMANY .", "id": 3}, {"text": "U.S . POLICY TOWARD THE NEW REGIME IN SOUTH VIET NAM WHICH OVERTHREW  PRESIDENT DIEM .", "id": 4}, {"text": "PERSONS INVOLVED IN THE VIET NAM COUP .", "id": 5}, {"text": "CEREMONIAL SUICIDES COMMITTED BY SOME BUDDHIST MONKS IN SOUTH VIET NAM  AND WHAT THEY ARE SEEKING TO GAIN BY SUCH ACTS .", "id": 6}, {"text": "REJECTION BY PRINCE NORODOM SIHANOUK, AN ASIAN NEUTRALIST LEADER,  OF ALL FURTHER U.S . AID TO HIS NATION .", "id": 7}, {"text": "U.N . TEAM SURVEY OF PUBLIC OPINION IN NORTH BORNEO AND SARAWAK ON  THE QUESTION OF JOINING THE FEDERATION OF MALAYSIA .", "id": 8}, {"text": "OPPOSITION OF INDONESIA TO THE NEWLY-CREATED MALAYSIA .", "id": 9}, {"text": "GROWING CONTROVERSY IN SOUTHEAST ASIA OVER THE PROPOSED  CREATION OF A FEDERATION OF MALAYSIA .", "id": 10}, {"text": "ARRANGEMENTS FOR INDONESIA TO TAKE OVER THE ADMINISTRATION  OF WEST IRIAN, WHICH HAS BEEN UNDER UNITED NATIONS ADMINISTRATION .", "id": 11}, {"text": "CONTROVERSY BETWEEN INDONESIA AND MALAYA ON THE PROPOSED  FEDERATION OF MALAYSIA, WHICH WOULD UNITE FIVE TERRITORIES .", "id": 12}, {"text": "PRECARIOUS TRUCE IN LAOS WHICH WAS BROUGHT UP BY BRITAIN  BEFORE THE 14 NATIONS THAT AGREED ON THE TRUCE IN GENEVA LAST  YEAR .", "id": 13}, {"text": "MAPHILINDO, A WORD FORMED FROM PARTS OF THE NAMES OF THREE  COUNTRIES, WHICH IS BEING USED IN DISCUSSIONS OF INTERNATIONAL  RELATIONS IN THE FAR EAST .", "id": 14}, {"text": "ELECTION OF PARK CHUNG HEE AS PRESIDENT OF SOUTH KOREA .", "id": 15}, {"text": "EFFORTS OF THE THREE-NATION INTERNATIONAL CONTROL COMMISSION  FOR INDO-CHINA TO TRY TO STOP THE FIGHTING THAT HAS FLARED  IN LAOS .", "id": 16}, {"text": "WITHDRAWAL BY THE SULTANATE OF BRUNEI FROM THE PROPOSED  FEDERATION OF MALAYSIA .", "id": 17}, {"text": "RUSSIA'S REFUSAL TO CONTRIBUTE FUNDS FOR THE SUPPORT OF UNITED NATIONS  PEACEKEEPING FORCES .", "id": 18}, {"text": "AGREEMENT BY THE UNITED ARAB REPUBLIC AND SAUDI ARABIA TO  WITHDRAW THEIR FORCES FROM YEMEN, WHICH INVOLVES OBSERVERS  FROM THE UNITED NATIONS EXPEDITIONARY FORCE BEING SENT TO YEMEN .", "id": 19}, {"text": "THE UNITED STATES HAS WARNED IT WOULD LIMIT ITS UNITED NATIONS  PAYMENTS TO THE LEVEL OF ITS REGULAR ASSESSMENT IF NATIONS NOW IN  ARREARS FAIL TO PAY UP . WHAT ISSUES ARE INVOLVED IN THESE  NATIONS' BEING IN ARREARS .", "id": 20}, {"text": "SECURITY COUNCIL CONSIDERATION OF THE COMPLAINTS BY 32 AFRICAN  NATIONS AGAINST SOUTH AFRICA AND PORTUGAL .", "id": 21}, {"text": "ALTERNATIVES WHICH HAVE BEEN OFFERED IF U.N . FORCES ARE  WITHDRAWN FROM THE CONGO .", "id": 22}, {"text": "WHAT COUNTRIES HAVE NEWLY JOINED THE UNITED NATIONS .", "id": 23}, {"text": "UNITED NATIONS EFFORTS TO GET PORTUGAL TO FREE ITS AFRICAN COLONIES .", "id": 24}, {"text": "U.N . CONSIDERATION OF THE CONFLICT BETWEEN ISRAEL AND ITS  ARAB NEIGHBORS .", "id": 25}, {"text": "EFFECT IN THE U.N . OF A MAJORITY COMPRISED OF UNDERDEVELOPED  NATIONS .", "id": 26}, {"text": "BRITISH PROPOSAL FOR NEW HIGH LEVEL NEGOTIATIONS WITH  RUSSIA OR A FOUR-POWER SUMMIT MEETING .", "id": 27}, {"text": "STRENGTHS IN POPULAR VOTES OF THE VARIOUS POLITICAL PARTIES IN THE  RECENT ITALIAN ELECTIONS .", "id": 28}, {"text": "TALKS BETWEEN SECRETARY OF STATE RUSK AND PRESIDENT TITO OF  YUGOSLAVIA CONCERNING MOST-FAVORED-NATION TREATMENT FOR YUGOSLAV  EXPORTS TO THE UNITED STATES .", "id": 29}, {"text": "PARLIAMENTARY VOTE OF CONFIDENCE WON BY PRIME MINISTER MACMILLAN  ON THE PROFUMO SCANDAL AND WHAT EFFECT THE PROFUMO SCANDAL MAY  HAVE ON LABOR'S CHANCES IN THE NEXT BRITISH ELECTIONS .", "id": 30}, {"text": "LEADERS WHICH FIGURE IN DISCUSSIONS OF THE FUTURE OF THE WEST  GERMAN CHANCELLORSHIP .", "id": 31}, {"text": "TALKS HELD IN EAST GERMANY BY PREMIER KHRUSHCHEV WITH THE LEADERS OF  FOUR EAST EUROPEAN SATELLITE COUNTRIES .", "id": 32}, {"text": "GOVERNMENT CRISIS WHICH WAS PRODUCED BY THE CONTROVERSY INVOLVING  THE WALLOONS AND THE FLEMINGS .", "id": 33}, {"text": "DIFFICULTIES IRELAND'S MINORITY GOVERNMENT IS FACING BECAUSE OF  THE GROWING UNREST OVER ITS AGRICULTURAL POLICIES .", "id": 34}, {"text": "TALKS BETWEEN PORTUGAL AND THE U.S . ON THE TROUBLES PORTUGAL  HAS BEEN HAVING WITH ITS AFRICAN POSSESSIONS .", "id": 35}, {"text": "SHAKE-UPS IN THE CZECH REGIME HEADED BY PRESIDENT ANTONIN  NOVOTNY .", "id": 36}, {"text": "WHEAT DEALS INVOLVING THE UNITED STATES, RUSSIA AND CANADA .", "id": 37}, {"text": "SPECULATION THAT THE NUMBER OF U.S . FORCES IN EUROPE MIGHT BE  REDUCED .", "id": 38}, {"text": "COALITION GOVERNMENT TO BE FORMED IN ITALY BY THE LEFT-WING  SOCIALISTS, THE REPUBLICANS, SOCIAL DEMOCRATS, AND CHRISTIAN  DEMOCRATS .", "id": 39}, {"text": "RESULTS OF THE POLITICAL POLLS IN BRITAIN REGARDING WHICH PARTY  IS IN THE LEAD, THE LABOR PARTY OR THE CONSERVATIVES .", "id": 40}, {"text": "WHAT TWO PROPOSALS DID DE GAULLE REJECT THIS YEAR AFFECTING ALLIED  RELATIONS .", "id": 41}, {"text": "PRESIDENT DE GAULLE'S BELIEF THAT FRANCE'S NUCLEAR FORCE SHOULD  BE THE KEYSTONE OF A EUROPEAN DEFENSE SYSTEM .", "id": 42}, {"text": "EFFORTS BY KHRUSHCHEV TO FIND A CLOSER RELATIONSHIP WITH  YUGOSLAVIA .", "id": 43}, {"text": "BONN'S OPPOSITION TO PROPOSALS FOR AN EAST-WEST NONAGGRESSION  PACT .", "id": 44}, {"text": "BACKGROUND OF THE NEW PRIME MINISTER OF GREAT BRITAIN .", "id": 45}, {"text": "PRESIDENT DE GAULLE'S POLICY ON BRITISH ENTRY INTO THE  COMMON MARKET .", "id": 46}, {"text": "PROPOSALS FOR A UNIFIED EUROPE INDEPENDENT OF THE U.S .", "id": 47}, {"text": "WHAT IS THE \"HOT LINE\" PROPOSAL .", "id": 48}, {"text": "BACKGROUND OF THE NEW CHANCELLOR OF WEST GERMANY, LUDWIG ERHARD .", "id": 49}, {"text": "MEETING OF MINISTERS IN PARIS IN APRIL OF THOSE COUNTRIES THAT  ARE MEMBERS OF BOTH NATO AND SEATO .", "id": 50}, {"text": "SUCCESSOR TO PREMIER KHRUSHCHEV .", "id": 51}, {"text": "HINT BY PREMIER KHRUSHCHEV, WHO IS BOTH THE COMMUNIST PARTY  SECRETARY AND PREMIER, THAT HE MAY RETIRE FROM ONE OF HIS TWO POSTS .", "id": 52}, {"text": "PREMIER KHRUSHCHEV ONCE AGAIN PRESSING FOR A NONAGGRESSION PACT  BETWEEN NATO AND THE WARSAW PACT NATIONS .", "id": 53}, {"text": "COMMUNIST CHINA'S REACTION TO THE SOVIET UNION'S SIGNING OF  THE NUCLEAR TEST BAN TREATY WITH THE WEST .", "id": 54}, {"text": "SUGGESTION MADE BY PRESIDENT KENNEDY FOR A NATO NUCLEAR MISSILE  FLEET MANNED BY INTERNATIONAL CREWS .", "id": 55}, {"text": "SUGGESTION BY PRESIDENT KENNEDY THAT THE U.S . AND THE  SOVIET UNION COOPERATE ON A MOON PROJECT .", "id": 56}, {"text": "PROVISIONS OF THE TEST BAN TREATY .", "id": 57}, {"text": "OTHER NATIONS POSSESSING U.S . POLARIS MISSILES FOR THEIR  NUCLEAR SUBMARINE FLEETS .", "id": 58}, {"text": "DISPUTE BETWEEN THE U.S . AND THE SOVIET UNION OVER INSPECTION  SYSTEMS AT THE GENEVA DISARMAMENT CONFERENCES .", "id": 59}, {"text": "SIGNING OF THE TEST BAN TREATY .", "id": 60}, {"text": "NATIONS WORKING ON NUCLEAR WEAPONS DEVELOPMENT .", "id": 61}, {"text": "MOSCOW'S SUPPORT OF THE KURD'S STRUGGLE FOR AUTONOMY .", "id": 62}, {"text": "PRESIDENT NASSER'S RULING OUT ARAB UNION SO LONG AS THE PRESENT  GOVERNING PARTY IN SYRIA REMAINS IN CONTROL .", "id": 63}, {"text": "PRIME MINISTER NEHRU'S COMING UNDER ATTACK LAST WEEK IN THE  FIRST NO-CONFIDENCE MOTION ENTERTAINED BY THE INDIAN  PARLIAMENT SINCE HIS GOVERNMENT TOOK OFFICE .", "id": 64}, {"text": "BORDER DISPUTE BETWEEN ISRAEL AND SYRIA .", "id": 65}, {"text": "AGREEMENT BETWEEN SYRIA AND IRAQ ON FULL ECONOMIC UNITY  AND CLOSER ECONOMIC COOPERATION .", "id": 66}, {"text": "CONTINUING CONFLICT BETWEEN INDIA AND PAKISTAN OVER KASHMIR .", "id": 67}, {"text": "INDIAN FEARS OF ANOTHER COMMUNIST CHINESE INVASION .", "id": 68}, {"text": "THE BAATH (RENAISSANCE) PARTY FOUNDED BY MICHEL AFLAK, WHICH HAS  GAINED CONTROL OF SYRIA AND IRAQ AND AIMS TO UNITE ALL ARAB COUNTRIES .", "id": 69}, {"text": "KING WHO SIGNED AWAY HIS POWER OF STATE GIVING FREE REIN TO HIS  HALF-BROTHER FEISAL'S REFORM RULE .", "id": 70}, {"text": "SOMALIA IS INVOLVED IN BORDER DISPUTES WITH ITS NEIGHBORS .  WHAT MILITARY AID IS BEING SUPPLIED TO SOMALIA BY RUSSIA .", "id": 71}, {"text": "ECONOMIC STEPS TAKEN AGAINST SOUTH AFRICA AS A PROTEST AGAINST  THAT NATION'S APARTHEID POLICY .", "id": 72}, {"text": "INCREASING CRITICISM OF PREMIER BEN BELLA IN ALGERIA FROM OTHER  LEADERS WHO HELPED BRING ABOUT ALGERIAN INDEPENDENCE .", "id": 73}, {"text": "TAKE OVER AGAIN BY MOISE TSHOMBE OF THE KATANGA PROVINCE  IN THE CONGO .", "id": 74}, {"text": "PREMIER CYRILLE ADOULA'S ORDERING THE ENTIRE SOVIET EMBASSY  STAFF THROWN OUT OF HIS COUNTRY ON SPYING CHARGES .", "id": 75}, {"text": "CONFERENCE ON AFRICAN UNITY TO BE HELD IN ADDIS ABABA ON MAY 22  BY THE HEADS OF STATE OF 31 INDEPENDENT AFRICAN NATIONS .", "id": 76}, {"text": "SPAIN'S RELAXATION OF CONTROLS OVER SOME OF ITS AFRICAN  TERRITORIES .", "id": 77}, {"text": "FEDERATION OF EAST AFRICA TO BE FORMED BY KENYA, TANGANYIKA  AND UGANDA WHEN KENYA GAINS ITS INDEPENDENCE ON DEC . 12 FROM BRITAIN .", "id": 78}, {"text": "ALGERIAN VOTE ON A NEW CONSTITUTION GIVING FULL  POWERS TO PREMIER BEN BELLA'S POLITICAL PARTY .", "id": 79}, {"text": "EFFECTS OF THE SINO-SOVIET DISPUTE ON THE  NEW NATIONS OF AFRICA AND ASIA OR ON AREAS OF FERMENT  IN LATIN AMERICA .", "id": 80}, {"text": "COMMUNIST CHINESE TRADE WITH THE SOVIET UNION, THE REST OF THE  COMMUNIST WORLD, AND WITH THE NON-COMMUNIST WORLD .", "id": 81}, {"text": "ALBANIAN BACKING OF COMMUNIST CHINA IN THE IDEOLOGICAL  SPLIT WITH THE SOVIET UNION .", "id": 82}]}