{"groundtruth": [{"relevant": [268, 288, 304, 308, 323, 326, 334], "id": 1}, {"relevant": [326, 334], "id": 2}, {"relevant": [326, 350, 364, 385], "id": 3}, {"relevant": [370, 378, 385, 409, 421], "id": 4}, {"relevant": [359, 370, 385, 397, 421], "id": 5}, {"relevant": [257, 268, 288, 304, 308, 323, 324, 326, 334], "id": 6}, {"relevant": [386, 408], "id": 7}, {"relevant": [339, 358], "id": 8}, {"relevant": [61, 155, 156, 242, 269, 315, 339, 358], "id": 9}, {"relevant": [61, 156, 242, 269, 339, 358], "id": 10}, {"relevant": [195, 198], "id": 11}, {"relevant": [61, 155, 156, 242, 269, 339, 358], "id": 12}, {"relevant": [87, 170, 185], "id": 13}, {"relevant": [269], "id": 14}, {"relevant": [94, 118, 128, 164, 424], "id": 15}, {"relevant": [169, 170, 239], "id": 16}, {"relevant": [303, 358], "id": 17}, {"relevant": [356], "id": 18}, {"relevant": [99, 100, 195, 267, 344], "id": 19}, {"relevant": [356], "id": 20}, {"relevant": [305, 318], "id": 21}, {"relevant": [41, 356], "id": 22}, {"relevant": [425], "id": 23}, {"relevant": [318], "id": 24}, {"relevant": [342], "id": 25}, {"relevant": [318, 425], "id": 26}, {"relevant": [272, 295, 306], "id": 27}, {"relevant": [189, 219, 265, 277, 360], "id": 28}, {"relevant": [192, 329], "id": 29}, {"relevant": [253, 261, 271, 293, 325], "id": 30}, {"relevant": [47, 56, 81, 103, 150, 183, 291], "id": 31}, {"relevant": [279], "id": 32}, {"relevant": [251, 335], "id": 33}, {"relevant": [294], "id": 34}, {"relevant": [318], "id": 35}, {"relevant": [217], "id": 36}, {"relevant": [403, 406], "id": 37}, {"relevant": [364], "id": 38}, {"relevant": [22, 73, 173, 189, 219, 265, 277, 360, 396], "id": 39}, {"relevant": [20, 71, 131, 148, 182, 207, 261, 272, 325], "id": 40}, {"relevant": [23, 47, 53, 54, 174, 315], "id": 41}, {"relevant": [48], "id": 42}, {"relevant": [329, 341], "id": 43}, {"relevant": [295, 316], "id": 44}, {"relevant": [58, 71, 148, 365, 381], "id": 45}, {"relevant": [1, 20, 23, 32, 39, 47, 53, 54, 80, 93, 151, 157, 174, 202, 272, 291, 294, 348], "id": 46}, {"relevant": [23, 47, 48, 53, 54, 56], "id": 47}, {"relevant": [306], "id": 48}, {"relevant": [47, 56, 81, 103, 150, 183, 205, 291], "id": 49}, {"relevant": [157], "id": 50}, {"relevant": [186, 190, 276], "id": 51}, {"relevant": [186, 259], "id": 52}, {"relevant": [295, 306], "id": 53}, {"relevant": [315, 403], "id": 54}, {"relevant": [1, 47, 54, 89, 135, 157, 228, 247, 254, 272, 360, 404], "id": 55}, {"relevant": [420], "id": 56}, {"relevant": [79, 306], "id": 57}, {"relevant": [1, 47, 54, 89, 135, 157, 247, 254], "id": 58}, {"relevant": [38, 79], "id": 59}, {"relevant": [79, 315], "id": 60}, {"relevant": [1, 23, 38, 47, 135, 157, 174, 193, 228, 247, 254, 295, 315, 343, 363], "id": 61}, {"relevant": [233], "id": 62}, {"relevant": [35, 86, 100, 121, 159, 194, 210, 224, 309, 379, 388], "id": 63}, {"relevant": [322, 328], "id": 64}, {"relevant": [342], "id": 65}, {"relevant": [100, 115], "id": 66}, {"relevant": [7, 63, 184], "id": 67}, {"relevant": [7, 8, 31, 46, 92, 307, 328, 422], "id": 68}, {"relevant": [70, 100, 115, 121, 139, 159, 194, 210, 224, 234, 309, 379, 388], "id": 69}, {"relevant": [226], "id": 70}, {"relevant": [117, 410, 419], "id": 71}, {"relevant": [338], "id": 72}, {"relevant": [320], "id": 73}, {"relevant": [25, 285], "id": 74}, {"relevant": [390], "id": 75}, {"relevant": [168, 227, 230, 236, 338], "id": 76}, {"relevant": [318], "id": 77}, {"relevant": [258, 410], "id": 78}, {"relevant": [320], "id": 79}, {"relevant": [27, 68, 78, 170, 185, 275, 279, 280, 290, 306, 307, 315, 341, 343, 401, 413, 419], "id": 80}, {"relevant": [199, 380], "id": 81}, {"relevant": [280, 307, 315, 343, 413], "id": 82}, {"relevant": [343, 363], "id": 83}]}